{
  "characterId": "kudi",
  "characterName": "Pind Di Kudi",
  "lessons": [
    {
      "id": "kudi-lesson-1",
      "title": "Informal Chat & Slang",
      "steps": [
        {
          "lessonType": "info",
          "characterMessage": {
            "romanPunjabi": "Oye hello ji! Tusi kithon ho?",
            "gurmukhi": "ਓਏ ਹੈਲੋ ਜੀ! ਤੁਸੀਂ ਕਿੱਥੋਂ ਹੋ?",
            "romanEnglish": "Hi! Where are you from?"
          },
          "question": "",
          "options": [],
          "correctAnswers": []
        },
        {
          "lessonType": "mcq",
          "characterMessage": {
            "romanPunjabi": "Choose the flirty-but-polite reply:",
            "gurmukhi": "ਥੋੜ੍ਹਾ ਨਟਖਟ ਪਰ ਨਮਰ ਜਵਾਬ ਚੁਣੋ:",
            "romanEnglish": "Choose."
          },
          "question": "Reply to \"Tusi kithon ho?\"",
          "options": [
            "Main London ton haan. Tusi?",
            "Tera ki matlab?",
            "Chal bye."
          ],
          "correctAnswers": ["Main London ton haan. Tusi?"]
        },
        {
          "lessonType": "info",
          "characterMessage": {
            "romanPunjabi": "Thoda rude si. Polite raho ji.",
            "gurmukhi": "ਥੋੜ੍ਹਾ ਰੂਡ ਸੀ। ਨਮਰ ਰਹੋ ਜੀ।",
            "romanEnglish": "That was a bit rude. Stay polite."
          },
          "question": "",
          "options": [],
          "correctAnswers": []
        },
        {
          "lessonType": "info",
          "characterMessage": {
            "romanPunjabi": "Cute! Hun emoji vi jod do 😉",
            "gurmukhi": "ਕਿਊਟ! ਹੁਣ ਇਮੋਜੀ ਵੀ ਜੋੜ ਦੋ 😉",
            "romanEnglish": "Cute! Now add an emoji."
          },
          "question": "",
          "options": [],
          "correctAnswers": []
        },
        {
          "lessonType": "text",
          "characterMessage": {
            "romanPunjabi": "Type: \"Main theek aa, tusi daso?\"",
            "gurmukhi": "ਲਿਖੋ: \"ਮੈਂ ਠੀਕ ਆ, ਤੁਸੀਂ ਦੱਸੋ?\"",
            "romanEnglish": "Type a friendly check-in."
          },
          "question": "",
          "options": [],
          "correctAnswers": [
            "main theek aa, tusi daso?",
            "main thik aa, tusi dasso?"
          ]
        },
        {
          "lessonType": "info",
          "characterMessage": {
            "romanPunjabi": "\"Tusi daso?\" na bhulna.",
            "gurmukhi": "\"ਤੁਸੀਂ ਦੱਸੋ?\" ਨਾ ਭੁਲਣਾ।",
            "romanEnglish": "Don't forget 'tusi daso?'."
          },
          "question": "",
          "options": [],
          "correctAnswers": []
        },
        {
          "lessonType": "info",
          "characterMessage": {
            "romanPunjabi": "Wah! Tussi cool Punjabi sikhi! 😎",
            "gurmukhi": "ਵਾਹ! ਤੁਸੀਂ ਕੂਲ ਪੰਜਾਬੀ ਸਿੱਖੀ! 😎",
            "romanEnglish": "Wow! You learned cool Punjabi!"
          },
          "question": "",
          "options": [],
          "correctAnswers": []
        }
      ]
    }
  ]
}
