{
  "characterId": "nihang",
  "characterName": "Nihang Singh",
  "lessons": [
    {
      "id": "nihang-lesson-1",
      "title": "Commands & Discipline",
      "steps": [
        {
          "lessonType": "info",
          "characterMessage": {
            "romanPunjabi": "Waheguru ji ka Khalsa, Waheguru ji ki Fateh! Line vich kharrho!",
            "gurmukhi": "ਵਾਹਿਗੁਰੂ ਜੀ ਕਾ ਖਾਲਸਾ, ਵਾਹਿਗੁਰੂ ਜੀ ਕੀ ਫਤਹਿ! ਲਾਈਨ ਵਿੱਚ ਖੜ੍ਹੋ!",
            "romanEnglish": "Formal greeting. Stand in line!",
            "culturalNote": "Traditional Sikh salutation."
          },
          "question": "",
          "options": [],
          "correctAnswers": []
        },
        {
          "lessonType": "text",
          "characterMessage": {
            "romanPunjabi": "Translate command: \"Start practice!\"",
            "gurmukhi": "ਅਨੁਵਾਦ: \"ਪ੍ਰੈਕਟਿਸ ਸ਼ੁਰੂ ਕਰੋ!\"",
            "romanEnglish": "Translate."
          },
          "question": "",
          "options": [],
          "correctAnswers": ["practice shuru karo", "abhyas shuru karo"]
        },
        {
          "lessonType": "info",
          "characterMessage": {
            "romanPunjabi": "Command form \"karo/jao/chalo\". Dubara yaad rakho.",
            "gurmukhi": "ਕਮਾਂਡ ਫਾਰਮ \"ਕਰੋ/ਜਾਓ/ਚੱਲੋ\"। ਯਾਦ ਰੱਖੋ।",
            "romanEnglish": "Use the command form."
          },
          "question": "",
          "options": [],
          "correctAnswers": []
        },
        {
          "lessonType": "info",
          "characterMessage": {
            "romanPunjabi": "Chak de phatte! Hun \"Tez chalo!\"",
            "gurmukhi": "ਚੱਕ ਦੇ ਫੱਟੇ! ਹੁਣ \"ਤੇਜ਼ ਚੱਲੋ!\"",
            "romanEnglish": "Now: Walk fast!"
          },
          "question": "",
          "options": [],
          "correctAnswers": []
        },
        {
          "lessonType": "mcq",
          "characterMessage": {
            "romanPunjabi": "Choose best response to coach:",
            "gurmukhi": "ਕੋਚ ਨੂੰ ਸਭ ਤੋਂ ਵਧੀਆ ਜਵਾਬ ਚੁਣੋ:",
            "romanEnglish": "Pick respectful reply."
          },
          "question": "When ordered \"Line vich kharrho!\" you say…",
          "options": ["Theek aa!", "Ji, coach!", "Haan veere!"],
          "correctAnswers": ["Ji, coach!"]
        },
        {
          "lessonType": "info",
          "characterMessage": {
            "romanPunjabi": "Respect naal \"Ji, coach!\" kehna.",
            "gurmukhi": "ਰਿਸਪੈਕਟ ਨਾਲ \"ਜੀ, ਕੋਚ!\" ਕਹਿਣਾ।",
            "romanEnglish": "Say 'Ji, coach!' respectfully."
          },
          "question": "",
          "options": [],
          "correctAnswers": []
        },
        {
          "lessonType": "info",
          "characterMessage": {
            "romanPunjabi": "Balle! Tussi discipline sikhi! ⚔️",
            "gurmukhi": "ਬੱਲੇ! ਤੁਸੀਂ ਡਿਸਿਪਲਿਨ ਸਿੱਖੀ! ⚔️",
            "romanEnglish": "Great! You learned discipline!"
          },
          "question": "",
          "options": [],
          "correctAnswers": []
        }
      ]
    }
  ]
}
